{
  "pelvis": [
    -0.830236,
    -33.375,
    85.6644
  ],
  "spine_01": [
    1.40051,
    -0.239349,
    0.0
  ],
  "spine_02": [
    3.00997,
    0.0,
    0.0
  ],
  "spine_03": [
    5.04723,
    0.0,
    -1.52588e-05
  ],
  "spine_04": [
    6.53643,
    0.0,
    0.0
  ],
  "spine_05": [
    13.8845,
    0.0,
    -3.18596e-05
  ],
  "neck_01": [
    8.4221,
    0.0,
    -2.80595e-05
  ],
  "neck_02": [
    4.60034,
    0.0,
    0.0
  ],
  "head": [
    4.18439,
    0.0,
    -1.52588e-05
  ],
  "clavicle_l": [
    4.01154,
    0.622391,
    -0.58046
  ],
  "upperarm_l": [
    9.82868,
    0.0,
    0.0
  ],
  "lowerarm_l": [
    20.2531,
    -1.3171e-05,
    -2.10138e-05
  ],
  "hand_l": [
    18.9792,
    0.0,
    0.0
  ],
  "pinky_metacarpal_l": [
    2.09453,
    0.303562,
    1.26936
  ],
  "pinky_01_l": [
    3.16163,
    1.17697e-05,
    0.0
  ],
  "pinky_02_l": [
    1.91568,
    0.0,
    0.0
  ],
  "pinky_03_l": [
    1.12166,
    0.0,
    0.0
  ],
  "ring_metacarpal_l": [
    2.0488,
    -0.0206726,
    0.550713
  ],
  "ring_01_l": [
    3.35757,
    1.46497e-05,
    0.0
  ],
  "ring_02_l": [
    2.75334,
    0.0,
    1.29453e-05
  ],
  "ring_03_l": [
    2.0266,
    0.0,
    1.42561e-05
  ],
  "thumb_01_l": [
    1.44244,
    0.0237859,
    -1.8752
  ],
  "thumb_02_l": [
    3.23958,
    1.34785e-05,
    0.0
  ],
  "thumb_03_l": [
    2.02022,
    0.0,
    0.0
  ],
  "middle_metacarpal_l": [
    1.96396,
    -0.379732,
    -0.210808
  ],
  "middle_01_l": [
    3.75988,
    0.0,
    0.0
  ],
  "middle_02_l": [
    3.075,
    0.0,
    1.56974e-05
  ],
  "middle_03_l": [
    2.09067,
    0.0,
    1.73292e-05
  ],
  "index_metacarpal_l": [
    2.0872,
    -0.77771,
    -1.3299
  ],
  "index_01_l": [
    3.58908,
    1.58447e-05,
    0.0
  ],
  "index_02_l": [
    2.88564,
    0.0,
    -2.32095e-05
  ],
  "index_03_l": [
    1.53368,
    0.0,
    -3.81231e-05
  ],
  "lowerarm_twist_02_l": [
    6.32639,
    0.0,
    0.0
  ],
  "lowerarm_twist_01_l": [
    12.6528,
    0.0,
    0.0
  ],
  "clavicle_r": [
    4.01154,
    0.62236,
    0.580627
  ],
  "upperarm_r": [
    -9.82861,
    6.11974e-05,
    2.59471e-05
  ],
  "lowerarm_r": [
    -20.247,
    -0.00221567,
    -0.00330957
  ],
  "hand_r": [
    -18.9435,
    -0.00218859,
    -0.00367466
  ],
  "pinky_metacarpal_r": [
    -2.09106,
    -0.303972,
    -1.26647
  ],
  "pinky_01_r": [
    -3.15632,
    -0.00189474,
    4.93014e-05
  ],
  "pinky_02_r": [
    -1.91325,
    -0.00151891,
    -0.00109128
  ],
  "pinky_03_r": [
    -1.11999,
    -0.000216336,
    -0.00150073
  ],
  "ring_metacarpal_r": [
    -2.0454,
    0.0197004,
    -0.549201
  ],
  "ring_01_r": [
    -3.35137,
    -0.000941731,
    9.18911e-05
  ],
  "ring_02_r": [
    -2.74753,
    -0.00223366,
    -0.0022519
  ],
  "ring_03_r": [
    -2.01209,
    -0.000286693,
    -0.00388431
  ],
  "thumb_01_r": [
    -1.44063,
    -0.0257785,
    1.87259
  ],
  "thumb_02_r": [
    -3.23498,
    -0.00071543,
    0.00278627
  ],
  "thumb_03_r": [
    -2.0159,
    7.90048e-05,
    0.00224025
  ],
  "middle_metacarpal_r": [
    -1.96066,
    0.378161,
    0.210853
  ],
  "middle_01_r": [
    -3.75284,
    -0.000695512,
    0.000151095
  ],
  "middle_02_r": [
    -3.06903,
    -0.00220643,
    -0.000590449
  ],
  "middle_03_r": [
    -2.08273,
    -0.00170496,
    -0.00161113
  ],
  "index_metacarpal_r": [
    -2.08372,
    0.775172,
    1.32794
  ],
  "index_01_r": [
    -3.58254,
    -0.00119705,
    0.000401359
  ],
  "index_02_r": [
    -2.88552,
    0.000273386,
    0.000806041
  ],
  "index_03_r": [
    -1.53066,
    0.00186174,
    0.00092276
  ],
  "lowerarm_twist_02_r": [
    -6.31449,
    -0.000731608,
    -0.00122466
  ],
  "lowerarm_twist_01_r": [
    -12.629,
    -0.00146343,
    -0.00243802
  ],
  "thigh_r": [
    -2.4807,
    -0.359577,
    7.18128
  ],
  "calf_r": [
    38.4205,
    -0.00143922,
    -0.000108135
  ],
  "foot_r": [
    35.2085,
    0.0,
    0.0
  ],
  "ball_r": [
    5.18322,
    8.7607,
    -1.75702
  ],
  "thigh_l": [
    -2.48084,
    -0.359623,
    -7.18069
  ],
  "calf_l": [
    -38.4204,
    0.000521539,
    -6.49741e-05
  ],
  "foot_l": [
    -35.2085,
    0.0,
    0.0
  ],
  "ball_l": [
    -5.18319,
    -8.76043,
    1.75701
  ]
}